datetime,open,high,low,close,volume
2025-02-10 05:30:00,50052.5,50155.65,49703.1,49981.0,0
2025-02-11 05:30:00,49812.15,49906.75,49177.4,49403.4,0
2025-02-12 05:30:00,49402.25,49702.35,48734.35,49479.45,0
2025-02-13 05:30:00,49469.35,49836.1,49276.1,49359.85,0
2025-02-14 05:30:00,49485.65,49592.95,48719.75,49099.45,0
2025-02-17 05:30:00,48880.4,49319.0,48525.6,49258.9,0
2025-02-18 05:30:00,49211.85,49328.55,48814.95,49087.3,0
2025-02-19 05:30:00,48895.35,49628.25,48804.0,49570.1,0
2025-02-20 05:30:00,49314.1,49455.8,49150.95,49334.55,0
2025-02-21 05:30:00,49127.95,49306.55,48764.0,48981.2,0
2025-02-24 05:30:00,48619.8,48748.4,48281.9,48651.95,0
2025-02-25 05:30:00,48691.2,48862.15,48534.15,48608.35,0
2025-02-27 05:30:00,48732.2,48972.55,48627.1,48743.8,0
2025-02-28 05:30:00,48437.55,48574.5,48078.7,48344.7,0
2025-03-03 05:30:00,48478.6,48574.7,47841.3,48114.3,0
2025-03-04 05:30:00,47942.5,48374.9,47924.75,48245.2,0
2025-03-05 05:30:00,48241.3,48657.65,48190.25,48489.95,0
2025-03-06 05:30:00,48760.0,48839.1,48299.4,48627.7,0
2025-03-07 05:30:00,48463.8,48709.05,48359.35,48497.5,0
2025-03-10 05:30:00,48312.0,48599.15,48124.65,48216.8,0
2025-03-11 05:30:00,47874.8,48029.05,47702.9,47853.95,0
2025-03-12 05:30:00,47894.4,48222.15,47844.95,48056.65,0
2025-03-13 05:30:00,48219.15,48352.45,48006.1,48060.4,0
2025-03-17 05:30:00,48219.55,48481.35,48196.1,48354.15,0
2025-03-18 05:30:00,48792.9,49400.3,48629.45,49314.5,0
2025-03-19 05:30:00,49375.4,49807.55,49324.8,49702.6,0
2025-03-20 05:30:00,49947.6,50155.3,49771.65,50062.85,0
2025-03-21 05:30:00,49927.1,50672.15,49891.95,50593.55,0
2025-03-24 05:30:00,50982.7,51801.15,50795.9,51704.95,0
2025-03-25 05:30:00,51874.2,52063.95,51429.6,51607.95,0
2025-03-26 05:30:00,51640.05,51875.8,51069.15,51209.0,0
2025-03-27 05:30:00,51084.7,51714.35,51050.85,51575.85,0
2025-03-28 05:30:00,51608.4,51839.1,51335.35,51564.85,0
2025-04-01 05:30:00,51178.15,51683.85,50742.0,50827.5,0
2025-04-02 05:30:00,50966.9,51404.2,50908.35,51348.05,0
2025-04-03 05:30:00,50910.0,51661.6,50906.65,51597.35,0
2025-04-04 05:30:00,51711.6,51893.6,51360.4,51502.7,0
2025-04-07 05:30:00,49336.1,50426.25,49156.95,49860.1,0
2025-04-08 05:30:00,50388.55,50793.7,50030.8,50511.0,0
2025-04-09 05:30:00,50487.1,50496.9,49910.85,50240.15,0
2025-04-11 05:30:00,50634.1,51244.7,50634.1,51002.35,0
2025-04-15 05:30:00,52299.0,52486.35,51863.3,52379.5,0
2025-04-16 05:30:00,52690.9,53164.45,52471.35,53117.75,0
2025-04-17 05:30:00,53153.75,54407.2,53084.9,54290.2,0
2025-04-21 05:30:00,54891.25,55461.65,54674.95,55304.5,0
2025-04-22 05:30:00,55414.3,55961.2,55243.55,55647.2,0
2025-04-23 05:30:00,56097.1,56098.7,55162.5,55370.05,0
2025-04-24 05:30:00,55103.9,55550.45,55088.4,55201.4,0
2025-04-25 05:30:00,55233.55,55350.55,54176.45,54664.05,0
2025-04-28 05:30:00,54610.3,55577.4,54582.35,55432.8,0
2025-04-29 05:30:00,55524.35,55957.75,55262.4,55391.25,0
2025-04-30 05:30:00,55382.4,55478.25,54723.7,55087.15,0
2025-05-02 05:30:00,55100.95,55691.95,54994.4,55115.35,0
2025-05-05 05:30:00,55065.8,55345.5,54786.5,54919.5,0
2025-05-06 05:30:00,54918.25,55036.95,54172.95,54271.4,0
2025-05-07 05:30:00,54013.4,54684.3,53919.9,54610.9,0
2025-05-08 05:30:00,54801.75,54937.25,54108.0,54365.65,0
2025-05-09 05:30:00,53595.95,54054.8,53483.05,53595.25,0
2025-05-12 05:30:00,54658.75,55466.3,54558.05,55382.85,0
2025-05-13 05:30:00,55233.5,55499.65,54888.5,54940.85,0
2025-05-14 05:30:00,55008.55,55208.6,54491.0,54801.3,0
2025-05-15 05:30:00,54853.7,55490.55,54442.3,55355.6,0
2025-05-16 05:30:00,55276.0,55418.9,55170.25,55354.9,0
2025-05-19 05:30:00,55326.05,55695.55,55296.55,55420.7,0
2025-05-20 05:30:00,55445.3,55568.35,54829.45,54877.35,0
2025-05-21 05:30:00,55060.2,55336.85,54690.8,55075.1,0
2025-05-22 05:30:00,54875.9,54996.1,54576.6,54941.3,0
2025-05-23 05:30:00,54959.3,55441.3,54854.5,55398.25,0
2025-05-26 05:30:00,55534.9,55875.75,55307.5,55572.0,0
2025-05-27 05:30:00,55458.95,55831.35,55037.85,55352.8,0
2025-05-28 05:30:00,55328.6,55521.8,55235.55,55417.0,0
2025-05-29 05:30:00,55571.4,55782.75,55096.45,55546.05,0
2025-05-30 05:30:00,55615.55,55813.3,55356.6,55749.7,0
2025-06-02 05:30:00,55598.25,55966.3,55400.55,55903.4,0
2025-06-03 05:30:00,56104.8,56161.4,55455.8,55599.95,0
2025-06-04 05:30:00,55650.35,55791.0,55408.35,55676.85,0
2025-06-05 05:30:00,55806.75,56010.15,55580.45,55760.85,0
2025-06-06 05:30:00,55699.45,56695.0,55534.75,56578.4,0
2025-06-09 05:30:00,57049.5,57049.5,56792.7,56839.6,0
2025-06-10 05:30:00,56993.9,57015.4,56564.15,56629.1,0
2025-06-11 05:30:00,56639.85,56782.5,56399.4,56459.75,0
2025-06-12 05:30:00,56480.9,56611.05,55968.5,56082.55,0
2025-06-13 05:30:00,55149.3,55688.0,55149.3,55527.35,0
2025-06-16 05:30:00,55554.1,55999.85,55381.45,55944.9,0
2025-06-17 05:30:00,55975.0,56067.3,55643.95,55714.15,0
2025-06-18 05:30:00,55544.95,55933.6,55511.8,55828.75,0
2025-06-19 05:30:00,55784.85,55942.45,55475.45,55577.45,0
2025-06-20 05:30:00,55566.7,56328.2,55566.4,56252.85,0
2025-06-23 05:30:00,55832.35,56233.55,55779.25,56059.35,0
2025-06-24 05:30:00,56529.45,56862.0,56276.15,56461.9,0
2025-06-25 05:30:00,56564.5,56681.4,56420.65,56621.15,0
2025-06-26 05:30:00,56693.55,57263.45,56558.35,57206.7,0
2025-06-27 05:30:00,57234.7,57475.4,56993.85,57443.9,0
2025-06-30 05:30:00,57529.95,57614.5,57193.8,57312.75,0
2025-07-01 05:30:00,57375.8,57533.85,57150.35,57459.45,290470890
2025-07-02 05:30:00,57558.2,57628.4,56833.8,56999.2,179030007
2025-07-03 05:30:00,57050.4,57193.25,56764.1,56791.95,158321763
2025-07-04 05:30:00,56825.25,57075.1,56623.6,57031.9,97790177
2025-07-07 05:30:00,56938.7,57152.2,56838.55,56949.2,108950702
2025-07-08 05:30:00,56942.55,57303.3,56923.05,57256.3,113108339
2025-07-09 05:30:00,57199.75,57290.65,57037.9,57213.55,98037633
2025-07-10 05:30:00,57339.75,57363.7,56886.6,56956.0,110513044
2025-07-11 05:30:00,56843.45,57091.05,56607.75,56754.7,101801938
2025-07-14 05:30:00,56780.75,56896.3,56594.25,56765.35,129588141
2025-07-15 05:30:00,56709.2,57134.95,56707.8,57006.65,131826722
2025-07-16 05:30:00,57111.25,57276.55,56937.6,57168.95,170250627
2025-07-17 05:30:00,57231.95,57262.85,56780.15,56828.8,141028269
2025-07-18 05:30:00,56524.25,56705.15,56204.85,56283.0,149314070
2025-07-21 05:30:00,56558.9,56983.45,56255.7,56952.75,144811176
2025-07-22 05:30:00,57253.35,57286.15,56692.0,56756.0,140173995
2025-07-23 05:30:00,56918.15,57249.0,56715.8,57210.45,136598681
2025-07-24 05:30:00,57316.6,57316.6,56850.9,57066.05,189361213
2025-07-25 05:30:00,57170.7,57170.7,56439.4,56528.9,129724333
2025-07-28 05:30:00,56215.1,56578.4,55997.45,56084.9,151715191
2025-07-29 05:30:00,55881.8,56296.4,55843.25,56222.0,155059440
2025-07-30 05:30:00,56310.1,56321.15,56064.55,56150.7,147227542
2025-07-31 05:30:00,55728.15,56406.2,55547.35,55961.95,193884636
2025-08-01 05:30:00,55897.15,56097.6,55562.1,55617.6,104546652
2025-08-04 05:30:00,55557.5,55752.45,55437.3,55619.35,138080272
2025-08-05 05:30:00,55545.05,55648.15,55202.85,55360.25,117704272
2025-08-06 05:30:00,55329.8,55559.4,55227.7,55411.15,124637611
2025-08-07 05:30:00,55215.65,55614.8,54973.55,55521.15,102014415
2025-08-08 05:30:00,55609.35,55652.6,54905.6,55004.9,104226120
2025-08-11 05:30:00,54999.35,55582.15,54927.55,55510.75,109733559
2025-08-12 05:30:00,55441.1,55566.7,55001.5,55043.7,81123105
2025-08-13 05:30:00,55340.05,55340.05,55026.95,55181.45,86857685
2025-08-14 05:30:00,55102.55,55472.8,55074.3,55341.85,82942129
2025-08-18 05:30:00,55940.6,56156.3,55647.65,55734.9,111358170
2025-08-19 05:30:00,55622.3,55965.55,55608.15,55865.15,95511195
2025-08-20 05:30:00,55751.5,55812.6,55577.35,55698.5,74055370
2025-08-21 05:30:00,55972.05,55993.65,55708.2,55755.45,76555629
2025-08-22 05:30:00,55669.25,55745.0,55102.6,55149.4,87058046
2025-08-25 05:30:00,55147.75,55306.0,55048.4,55139.3,88631811
2025-08-26 05:30:00,54999.05,55068.9,54396.1,54450.45,123812430
2025-08-28 05:30:00,54256.0,54382.25,53768.45,53820.35,134329841
2025-08-29 05:30:00,53660.35,54086.0,53606.45,53655.65,103888450
2025-09-01 05:30:00,53658.15,54035.85,53658.15,54002.45,78043463
2025-09-02 05:30:00,54038.25,54160.95,53578.0,53661.0,77543435
2025-09-03 05:30:00,53630.75,54136.15,53561.75,54067.55,100090205
2025-09-04 05:30:00,54379.6,54450.55,53971.85,54075.45,120031588
2025-09-05 05:30:00,54308.05,54308.05,53719.55,54114.55,79909524
2025-09-08 05:30:00,54215.4,54518.7,54067.15,54186.9,76257333
2025-09-09 05:30:00,54330.55,54350.65,54079.45,54216.1,93756212
2025-09-10 05:30:00,54554.75,54705.2,54400.0,54536.0,116930374
2025-09-11 05:30:00,54413.05,54757.45,54402.4,54669.6,96854156
2025-09-12 05:30:00,54781.55,54852.25,54580.35,54809.3,80119831
2025-09-15 05:30:00,54884.05,55018.7,54807.5,54887.85,72024180
2025-09-16 05:30:00,54778.4,55185.45,54777.75,55147.6,98659319
2025-09-17 05:30:00,55158.35,55540.75,55146.55,55493.3,155327382
2025-09-18 05:30:00,55797.1,55835.25,55490.9,55727.45,134323012
2025-09-19 05:30:00,55647.95,55688.75,55355.3,55458.85,190004775
2025-09-22 05:30:00,55429.3,55666.35,55215.6,55284.75,118640313
2025-09-23 05:30:00,55248.7,55662.0,55159.0,55509.75,171202052
2025-09-24 05:30:00,55387.1,55511.1,55040.45,55121.5,171980461
2025-09-25 05:30:00,55061.65,55276.65,54903.3,54976.2,158420883
2025-09-26 05:30:00,54797.9,54897.0,54310.95,54389.35,127686862
2025-09-29 05:30:00,54460.4,54686.05,54226.6,54461.0,218344229
2025-09-30 05:30:00,54705.5,54793.05,54502.95,54635.85,206876041
2025-10-01 05:30:00,54653.9,55406.75,54582.55,55347.95,172989699
2025-10-03 05:30:00,55182.6,55616.45,55177.0,55589.25,156863037
2025-10-06 05:30:00,55834.7,56164.2,55727.25,56104.85,162639435
2025-10-07 05:30:00,56126.4,56502.45,56025.05,56239.35,153742467
2025-10-08 05:30:00,56098.5,56303.6,55821.0,56018.25,133591450
2025-10-09 05:30:00,55979.0,56286.25,55843.9,56192.05,118029500
2025-10-10 05:30:00,56168.6,56760.25,56152.45,56609.75,162952571
2025-10-13 05:30:00,56337.05,56770.9,56327.4,56625.0,123486993
2025-10-14 05:30:00,56598.65,56721.3,56230.15,56496.45,129845019
2025-10-15 05:30:00,56528.95,56922.7,56491.85,56799.9,123701247
2025-10-16 05:30:00,57139.95,57525.8,56994.7,57422.55,148601313
2025-10-17 05:30:00,57362.9,57830.2,57238.65,57713.35,147161418
2025-10-20 05:30:00,57872.85,58261.55,57872.85,58033.2,341715407
2025-10-21 05:30:00,58063.4,58155.55,57887.2,58007.2,38968242
2025-10-23 05:30:00,58314.55,58577.5,57951.45,58078.05,291556210
2025-10-24 05:30:00,58172.75,58232.9,57482.05,57699.6,132081008
2025-10-27 05:30:00,57796.45,58224.55,57652.75,58114.25,153027019
2025-10-28 05:30:00,58006.55,58313.8,57770.35,58214.1,256079447
2025-10-29 05:30:00,58316.25,58469.9,58087.05,58385.25,151847243
2025-10-30 05:30:00,58152.05,58331.2,57999.2,58031.1,222993699
2025-10-31 05:30:00,57942.45,58254.95,57656.95,57776.35,307922255
2025-11-03 05:30:00,57726.85,58247.55,57718.4,58101.45,204665357
2025-11-04 05:30:00,57966.65,58119.65,57732.95,57827.05,168559617
2025-11-06 05:30:00,57714.8,57945.05,57521.0,57554.25,170428684
2025-11-07 05:30:00,57391.4,58001.35,57157.85,57876.8,142423718
2025-11-10 05:30:00,57846.2,58097.2,57846.2,57937.55,123385793
2025-11-11 05:30:00,57962.3,58187.35,57594.25,58138.15,119589571
2025-11-12 05:30:00,58505.35,58507.7,58171.85,58274.65,149265514
2025-11-13 05:30:00,58158.75,58615.95,58127.1,58381.95,121244767
2025-11-14 05:30:00,58050.0,58590.15,58050.0,58517.55,114807987
2025-11-17 05:30:00,58696.3,59001.55,58605.3,58962.7,157460315
2025-11-18 05:30:00,58990.5,59103.65,58798.9,58899.25,145542247
2025-11-19 05:30:00,58908.15,59264.25,58688.55,59216.05,149831471
2025-11-20 05:30:00,59308.2,59440.1,59125.25,59347.7,120021307
2025-11-21 05:30:00,59116.7,59232.15,58823.65,58867.7,121382744
2025-11-24 05:30:00,58996.9,59309.9,58649.5,58835.35,190388710
2025-11-25 05:30:00,58925.65,59166.15,58746.2,58820.3,137380135
2025-11-26 05:30:00,58783.05,59554.95,58783.05,59528.05,140180988
2025-11-27 05:30:00,59605.3,59866.6,59523.0,59737.3,137809670
2025-11-28 05:30:00,59758.7,59897.5,59598.95,59752.7,100023044
2025-12-01 05:30:00,60102.05,60114.3,59527.6,59681.35,122326469
2025-12-02 05:30:00,59354.2,59656.55,59251.95,59273.8,207110345
2025-12-03 05:30:00,59158.7,59414.9,58925.7,59348.25,166403478
2025-12-04 05:30:00,59287.1,59548.7,59062.15,59288.7,109589024
2025-12-05 05:30:00,59133.2,59806.6,59106.55,59777.2,119481620
2025-12-08 05:30:00,59672.05,59713.15,59030.6,59238.55,131203623
2025-12-09 05:30:00,58918.85,59358.25,58878.45,59222.35,137801477
2025-12-10 05:30:00,59281.55,59440.9,58853.9,58960.4,105165395
2025-12-11 05:30:00,58966.2,59423.35,58799.9,59209.85,96941328
2025-12-12 05:30:00,59401.5,59545.7,59224.85,59389.95,107708486
2025-12-15 05:30:00,59053.7,59533.0,59044.65,59461.8,125225674
2025-12-16 05:30:00,59288.75,59335.25,58966.35,59034.6,123339470
2025-12-17 05:30:00,59072.8,59127.2,58801.4,58926.75,132704071
2025-12-18 05:30:00,58712.7,59211.0,58712.7,58912.85,97400429
2025-12-19 05:30:00,59047.4,59140.55,58897.5,59069.2,179050841
2025-12-22 05:30:00,59224.75,59371.2,59155.5,59304.0,114820013
2025-12-23 05:30:00,59334.35,59402.35,59216.75,59299.55,91776313
2025-12-24 05:30:00,59322.95,59478.15,59118.25,59183.6,82531128
2025-12-26 05:30:00,59092.85,59180.65,58947.05,59011.35,72911531
2025-12-29 05:30:00,59007.05,59140.4,58809.55,58932.35,106916404
2025-12-30 05:30:00,58885.95,59272.7,58737.6,59171.25,295715909
2025-12-31 05:30:00,59194.6,59766.2,59187.1,59581.85,122549765
2026-01-01 05:30:00,59674.8,59743.2,59569.65,59711.55,71833280
2026-01-02 05:30:00,59757.4,60203.75,59738.25,60150.95,124122997
2026-01-05 05:30:00,60360.4,60437.35,59859.8,60044.2,135043180
2026-01-06 05:30:00,59957.8,60305.0,59844.8,60118.4,146690473
2026-01-07 05:30:00,60039.7,60065.4,59760.65,59990.85,178363866
2026-01-08 05:30:00,59893.15,60112.85,59564.8,59686.5,162398123
2026-01-09 05:30:00,59558.15,59739.65,59154.2,59251.55,146985508
2026-01-12 05:30:00,59217.25,59541.1,58864.2,59450.5,137160948
2026-01-13 05:30:00,59767.55,59767.55,59312.05,59578.8,143486572
2026-01-14 05:30:00,59330.35,59796.65,59324.2,59580.15,183214428
2026-01-16 05:30:00,59590.35,60235.15,59510.5,60095.15,271823156
2026-01-19 05:30:00,60093.3,60107.5,59594.6,59891.35,271229538
2026-01-20 05:30:00,59851.4,59993.5,59283.95,59404.2,216098276
2026-01-21 05:30:00,59142.0,59447.35,58278.6,58800.3,182300271
2026-01-22 05:30:00,59194.25,59573.1,58823.05,59200.1,189722691
2026-01-23 05:30:00,59305.15,59400.15,58346.25,58473.1,178848449
2026-01-27 05:30:00,58366.05,59436.8,58121.6,59205.45,259534262
2026-01-28 05:30:00,59575.65,59699.9,59240.1,59598.8,178403366
2026-01-29 05:30:00,59416.25,60060.7,59339.0,59957.85,314148419
2026-01-30 05:30:00,59542.25,59906.9,59501.8,59610.45,220139738
2026-02-01 05:30:00,59607.65,59865.7,57783.2,58417.2,133427828
2026-02-02 05:30:00,58239.3,58687.05,57829.85,58619.0,191569241
2026-02-03 05:30:00,61411.2,61764.85,59793.2,60041.3,264635229
2026-02-04 05:30:00,60163.35,60389.4,59891.75,60238.15,141236582
2026-02-05 05:30:00,60315.35,60328.3,59881.05,60063.65,140199704
2026-02-06 05:30:00,59967.1,60149.9,59644.55,60120.55,131988945
